sentiment,text
Negative,"The staff was not communicative and didn't provide clear information about my treatment."
Negative,"The hospital environment was unclean and didn't feel sanitary."
Negative,"The doctor seemed rushed and didn't take the time to listen to my concerns."
Negative,"I had to wait for an extended period before receiving treatment."
Negative,"The staff was rude and dismissive of my concerns."
Negative,"The hospital was overcrowded, and it was difficult to move around or get assistance."
Negative,"The nursing staff didn't respond to my requests for pain relief in a timely manner."
Negative,"The hospital lacked privacy, and I could hear conversations between patients and staff members in adjacent rooms."
Negative,"The medical equipment in the hospital was outdated and malfunctioned during my treatment."
Negative,"I received conflicting information from different staff members about my condition and treatment plan."
Negative,"The hospital didn't provide adequate accommodations for my disabilities."
Negative,"The food provided by the hospital was unappetizing and lacked variety."
Negative,"The hospital didn't provide sufficient support for my mental health needs."
Negative,"I didn't feel that my cultural or religious needs were respected by hospital staff."
Negative,"The hospital didn't have adequate security measures in place, and I felt unsafe during my stay."
Negative,"The hospital didn't provide adequate follow-up care after I was discharged."
Negative,"The hospital was disorganized, and it was difficult to navigate the system."
Negative,"The hospital was understaffed, and staff members seemed overwhelmed and overworked."
Negative,"I didn't receive appropriate accommodations for my language needs."
Negative,"The hospital didn't have adequate resources or accommodations for my young child during my stay."
Negative,"The hospital didn't have enough equipment or supplies, causing delays in my treatment."
Negative,"The hospital didn't provide adequate pain management for my condition."
Negative,"The hospital was noisy and disrupted my ability to rest and recover."
Negative,"The hospital didn't provide me with enough information about the potential side effects of my medication."
Negative,"The hospital didn't provide me with enough information about the risks and benefits of my treatment options."
Negative,"The hospital didn't have adequate accommodations for my family members who were visiting me."
Negative,"The hospital didn't have adequate facilities for breastfeeding mothers."
Negative,"I felt that the hospital staff didn't respect my privacy or dignity during my treatment."
Negative,"I experienced delays in receiving my test results, causing anxiety and uncertainty."
Negative,"I received contradictory information from different doctors or nurses, causing confusion and frustration."
Negative,"I experienced medical errors, such as incorrect dosages or misdiagnoses, that could have been prevented."
Negative,"The hospital didn't provide me with enough emotional support during my stay."
Negative,"The hospital didn't provide me with enough information about my discharge plan or aftercare instructions."
Negative,"The hospital didn't have adequate accommodations for patients with disabilities, such as wheelchair ramps or elevators."
Negative,"The hospital didn't provide me with enough information about my insurance coverage or financial responsibilities."
Negative,"I didn't feel that the hospital staff members were properly trained or qualified to provide the care that I needed."
Negative,"The hospital didn't provide me with enough information about the potential risks and benefits of undergoing a surgical procedure."
Negative,"The hospital was disorganized, causing delays and confusion in the treatment process."
Negative,"The hospital didn't provide me with enough opportunities to provide feedback or voice my concerns."
Negative,"The hospital didn't have adequate policies or procedures in place to address patient complaints or grievances."
Negative,"I felt that the hospital staff members were dismissive of my pain or discomfort."
Negative,"The hospital didn't provide me with enough information about the potential complications or risks of my treatment."
Negative,"I experienced delays in receiving medical attention, causing me additional pain or discomfort."
Negative,"The hospital didn't provide me with enough information about my options for palliative or end-of-life care."
Negative,"The hospital didn't provide me with enough opportunities to participate in my own care decisions or treatment planning."
Negative,"The hospital didn't provide me with enough information about my medical condition or the treatments that I was receiving."
Negative,"I didn't feel that the hospital staff members were empathetic or understanding of my concerns or fears."
Negative,"The hospital didn't provide me with enough information about the potential side effects or risks of undergoing a medical procedure."
Negative,"I experienced delays in receiving my medication or other necessary treatments, causing my condition to worsen."
Negative,"The hospital didn't have adequate accommodations for patients who require medical equipment, such as oxygen tanks or mobility devices."
Negative,"The hospital didn't provide me with enough information about the potential benefits of undergoing a medical procedure."
Negative,"I felt that the hospital staff members were rude or condescending towards me during my stay."
Negative,"The hospital didn't provide me with enough opportunities to ask questions or clarify my understanding of my medical condition or treatment options."
Negative,"I didn't feel that the hospital staff members were adequately prepared or trained to handle medical emergencies."
Negative,"The hospital didn't provide me with enough information about the potential risks or complications of undergoing a medical procedure."
Negative,"I experienced delays in receiving medical attention, causing me to feel anxious or frustrated."
Negative,"The hospital didn't provide me with enough information about the potential long-term effects of my treatment."
Negative,"The hospital didn't have adequate policies or procedures in place to prevent the spread of infections or illnesses."
Negative,"The hospital didn't provide me with enough information about my rights as a patient, such as my right to refuse treatment."
Negative,"I felt that the hospital staff members were overworked and understaffed, causing delays and mistakes in my treatment."
Negative,"The hospital didn't provide me with enough opportunities to provide feedback or suggestions for improvement."
Negative,"The hospital didn't provide me with enough information about the potential risks or complications of anesthesia during my surgery."
Negative,"I felt that the hospital staff members were more concerned with following protocols and procedures than with providing compassionate care."
Negative,"The hospital didn't provide me with enough information about the potential risks or complications of a medical test that I underwent."
Negative,"The hospital didn't have adequate accommodations for patients who require special dietary restrictions or preferences."
Negative,"The hospital didn't provide me with enough information about the potential effects of stopping or changing my medication regimen."
Negative,"I felt that the hospital staff members didn't communicate effectively with one another, causing confusion and errors in my care."
Negative,"The hospital didn't provide me with enough opportunities to involve my family members or loved ones in my care."
Negative,"The hospital didn't have adequate policies or procedures in place to address issues related to cultural or linguistic differences."
Negative,"I felt that the hospital staff members didn't take my concerns or symptoms seriously, causing delays in my treatment."
Negative,"The hospital didn't provide me with enough information about the potential risks or complications of a medical device that was implanted in my body."
Negative,"The hospital didn't have adequate accommodations for patients who require privacy or quiet spaces, such as those with sensory sensitivities."
Negative,"The hospital didn't provide me with enough information about the potential risks or benefits of undergoing radiation therapy for my condition."
Negative,"I experienced delays in receiving follow-up care or appointments after my hospital stay."
Negative,"The hospital didn't have adequate policies or procedures in place to prevent medication errors, such as double-checking dosages or verifying allergies."
Negative,"I felt that the hospital staff members didn't listen to my concerns or complaints about my treatment, causing me to feel ignored or dismissed."
Negative,"The hospital didn't provide me with enough information about the potential risks or complications of undergoing a medical procedure while pregnant."
Negative,"The hospital didn't have adequate accommodations for patients who require medical treatment during pregnancy or childbirth."
Negative,"I felt that the hospital staff members didn't take enough time to explain my medical condition or treatment options to me."
Negative,"The hospital didn't provide me with enough information about the potential risks or complications of undergoing chemotherapy for my condition."
Negative,"The hospital didn't have adequate policies or procedures in place to ensure that patients receive appropriate pain management."
Negative,"I experienced delays in receiving pain medication or other forms of pain relief, causing me to suffer unnecessarily."
Negative,"The hospital didn't provide me with enough information about the potential risks or complications of a blood transfusion that I received."
Negative,"The hospital didn't have adequate accommodations for patients with physical disabilities or mobility issues, such as accessible entrances or bathrooms."
Negative,"I felt that the hospital staff members didn't treat me with respect or dignity, causing me to feel undervalued or disregarded."
Negative,"The hospital didn't provide me with enough information about the potential risks or complications of a medical procedure that I underwent."
Negative,"The hospital didn't have adequate policies or procedures in place to address issues related to patient confidentiality or privacy."
Negative,"I felt that the hospital staff members didn't take my mental health concerns seriously, causing me to feel stigmatized or dismissed."
Negative,"The hospital didn't provide me with enough information about the potential risks or complications of undergoing a surgical procedure."
Negative,"The hospital didn't have adequate accommodations for patients who require assistance with activities of daily living, such as dressing or bathing."
Negative,"I experienced delays in receiving test results or other important information about my health status."
Negative,"The hospital didn't provide me with enough information about the potential risks or complications of a treatment that I received."
Negative,"The hospital didn't have adequate policies or procedures in place to ensure that patients receive appropriate nutrition or hydration."
Negative,"I felt that the hospital staff members didn't take my spiritual or religious beliefs into account when providing care."
Negative,"The hospital didn't provide me with enough information about the potential risks or complications of a medical intervention that was recommended for me."
Negative,"The hospital didn't have adequate accommodations for patients who require assistance with communication, such as those who are deaf or hard of hearing."
Negative,"I experienced delays in receiving necessary medical equipment or devices, causing me to experience discomfort or pain."
Negative,"The hospital didn't provide me with enough information about the potential risks or complications of a medication that I was prescribed."
Negative,"The hospital didn't have adequate policies or procedures in place to ensure that patients receive appropriate mental health care."
Negative,"I felt that the hospital staff members didn't provide me with enough emotional support during my hospital stay."
Negative,"The hospital didn't provide me with enough information about the potential risks or complications of a diagnostic test that I underwent."
Negative,"The hospital didn't have adequate accommodations for patients who require specialized medical equipment or devices."
Negative,"I experienced delays in receiving necessary medical procedures or interventions, causing me to experience pain or discomfort for a longer period of time."
Negative,"The hospital didn't provide me with enough information about the potential risks or complications of a medical intervention that I received."
Negative,"The hospital didn't have adequate policies or procedures in place to address issues related to patient transportation or mobility."
Negative,"I felt that the hospital staff members didn't take my personal preferences or values into account when providing care."
Negative,"The hospital didn't provide me with enough information about the potential risks or complications of a medical treatment that I received."
Negative,"The hospital didn't have adequate accommodations for patients who require specialized care for chronic or complex conditions."
Negative,"I experienced delays in receiving necessary medical attention, causing my condition to worsen."
Negative,"The hospital didn't provide me with enough information about the potential risks or complications of a medical procedure that was recommended for me."
Negative,"The hospital didn't have adequate policies or procedures in place to address issues related to patient discharge or aftercare."
Negative,"I felt that the hospital staff members didn't communicate with me effectively, causing confusion or misunderstandings."
Negative,"The hospital didn't provide me with enough information about the potential risks or complications of a medication that I received."
Negative,"The hospital didn't have adequate accommodations for patients who require specialized dietary restrictions or preferences."
Negative,"I experienced delays in receiving necessary medical consultations or referrals, causing me to feel frustrated or anxious."
Negative,"The hospital didn't provide me with enough information about the potential risks or complications of a medical procedure that I declined."
Negative,"The hospital didn't have adequate policies or procedures in place to address issues related to patient falls or other accidents."
Negative,"I felt that the hospital staff members didn't take my cultural background or beliefs into account when providing care."
Negative,"The hospital didn't provide me with enough information about the potential risks or complications of a medical intervention that was performed on me without my consent."
Negative,"The hospital didn't have adequate accommodations for patients who require specialized mental health care."
Negative,"I experienced delays in receiving necessary medical tests or screenings, causing me to feel worried or anxious about my health."
Negative,"The hospital didn't provide me with enough information about the potential risks or complications of a medical procedure that was performed on me without my knowledge."
Negative,"The hospital didn't have adequate policies or procedures in place to address issues related to patient feedback or complaints."
Negative,"I felt that the hospital staff members didn't provide me with enough information about my care plan or treatment options."
Negative,"The hospital didn't provide me with enough information about the potential risks or complications of a medical intervention that was recommended for me but ultimately not performed."
Negative,"The hospital didn't have adequate accommodations for patients who require specialized rehabilitation or therapy."
Negative,"I experienced delays in receiving necessary medical follow-up or aftercare, causing me to feel neglected or abandoned."
Negative,"The hospital didn't provide me with enough information about the potential risks or complications of a medical intervention tha I requested."
Negative,"The hospital didn't have adequate policies or procedures in place to address issues related to patient comfort or pain managemnt."
Negative,"I felt that the hospital staff members didn't take my financial or insurance situation into account when providing care."
Negative,"The hospital didn't provide me with enough information about the potential risks or complications of a medical intervention that I refused."
Negative,"The hospital didn't have adequate accommodations for patients who require specialized communication or translation services."
Negative,"I experienced delays in receiving necessary medical information or records, causing me to feel frustrated or worried about my health."
Negative,"The hospital didn't provide me with enough information about the potential risks or complications of a medical intervention that was performed on me without my understanding."
Negative,"The hospital didn't have adequate policies or procedures in place to address issues related to patient advocacy or rights."
Negative,"I felt that the hospital staff members didn't provide me with enough information about the potential risks or complications of a medical intervention that was recommended for me but not covered by my insurance."
Negative,"The hospital didn't provide me with enough information about the potential risks or complications of a medical intervention that I received but didn't fully understand."
Negative,"The hospital didn't have adequate accommodations for patients who require specialized end-of-life care or palliative care."
Negative,"I experienced delays in receiving necessary medical referrals or consultations, causing me to feel frustrated or anxious about my health."
Negative,"The hospital didn't provide me with enough information about the potential risks or complications of a medical intervention that I received but later regretted."
Negative,"The hospital didn't have adequate policies or procedures in place to address issues related to patient comfort or
Negative,"I felt that the hospital staff members didn't provide me with enough emotional support or counseling during my hospital stay."
Negative,"The hospital didn't provide me with enough information about the potential risks or complications of a medical intervention that I received but didn't fully consent to."
Negative,"The hospital didn't have adequate accommodations for patients who require specialized wound care or treatment."
Negative,"I experienced delays in receiving necessary medical treatments or interventions, causing me to feel worried or anxious about my health."
Negative,"The hospital didn't provide me with enough information about the potential risks or complications of a medical intervention that was performed on me but didn't address my underlying health concerns."
Negative,"The hospital didn't have adequate policies or procedures in place to address issues related to patient privacy or confidentiality."
Negative,"I felt that the hospital staff members didn't take my personal preferences or values into account when providing care."
Negative,"The hospital didn't provide me with enough information about the potential risks or complications of a medical intervention that I received but didn't fully understand the implications of."
Negative,"The hospital didn't have adequate accommodations for patients who require specialized care for chronic conditions or illnesses."
Negative,"I experienced delays in receiving necessary medical interventions or treatments, causing me to feel frustrated or anxious about my health."
Negative,"The hospital didn't provide me with enough information about the potential risks or complications of a medical intervention that was performed on me but didn't address my concerns about the procedure."
Negative,"The hospital didn't have adequate policies or procedures in place to address issues related to patient discharge or transition to post-hospital care."
Negative,"I felt that the hospital staff members didn't provide me with enough support or resources for managing my recovery or ongoing care."
Negative,"The hospital didn't provide me with enough information about the potential risks or complications of a medical intervention that was recommended for me but not covered by my insurance."
Negative,"The hospital didn't have adequate accommodations for patients who require specialized care for rare or complex conditions."
Negative,"I experienced delays in receiving necessary medical equipment or supplies, causing me to feel frustrated or worried about my health."
Negative,"The hospital didn't provide me with enough information about the potential risks or complications of a medical intervention that was performed on me but didn't fully address my pain or discomfort during the procedure."
Negative,"The hospital didn't have adequate policies or procedures in place to address issues related to patient education or health literacy."
Negative,"I felt that the hospital staff members didn't take my personal circumstances or needs into account when providing care."
Negative,"The hospital didn't provide me with enough information about the potential risks or complications of a medical intervention that I received but didn't fully understand the reasons for."
Negative,"The hospital didn't have adequate accommodations for patients who require specialized care for rare or difficult-to-diagnose conditions."
Negative,"I experienced delays in receiving necessary medical interventions or treatments, causing me to feel frustrated or worried about my health."
Negative,"The hospital didn't provide me with enough information about the potential risks or complications of a medical intervention that was performed on me but didn't address my concerns about the potential side effects."
Negative,"The hospital didn't have adequate policies or procedures in place to address issues related to patient transportation or accessibility."
Negative,"I felt that the hospital staff members didn't provide me with enough information about the potential risks or complications of a medical intervention that was recommended for me but not available at the hospital."
Negative,"The hospital didn't provide me with enough information about the potential risks or complications of a medical intervention that I received but didn't fully understand the after-effects of."
Negative,"I experienced delays in receiving necessary medical interventions or treatments, causing me to feel frustrated or anxious about my health."
Negative,"The hospital didn't provide me with enough information about the potential risks or complications of a medical intervention that was performed on me but didn't address my concerns about the quality of the procedure."
Negative,"The hospital didn't have adequate policies or procedures in place to address issues related to patient complaints or grievances."
Negative,"I felt that the hospital staff members didn't provide me with enough emotional support or counseling during my hospital stay, which made my recovery more difficult."
Negative,"The hospital didn't provide me with enough information about the potential risks or complications of a medical intervention that I received but didn't fully understand the long-term implications of."
Negative,"The hospital didn't have adequate accommodations for patients who require specialized care for pediatric or adolescent health issues."
Negative,"I experienced delays in receiving necessary medical interventions or treatments, causing me to feel worried or frustrated about my health."
Negative,"The hospital didn't provide me with enough information about the potential risks or complications of a medical intervention that was performed on me but didn't address my concerns about the anesthesia or sedation used during the procedure."
Negative,"The hospital didn't have adequate policies or procedures in place to address issues related to patient rights or informed consent."
Negative,"I felt that the hospital staff members didn't provide me with enough support or resources for managing my chronic condition or illness."
Negative,"The hospital didn't provide me with enough information about the potential risks or complications of a medical intervention that was recommended for me but not covered by my insurance, causing me financial hardship."
Negative,"The hospital didn't have adequate accommodations for patients who require specialized care for geriatric or end-of-life issues."
Negative,"I experienced delays in receiving necessary medical interventions or treatments, causing me to feel frustrated or worried about my health."
Negative,"The hospital didn't provide me with enough information about the potential risks or complications of a medical intervention that was performed on me but didn't address my concerns about the recovery process."
Negative,"The hospital didn't have adequate policies or procedures in place to address issues related to patient safety or infection control."
Negative,"I felt that the hospital staff members didn't provide me with enough support or resources for managing my mental health or emotional well-being during my hospital stay."
Negative,"The hospital didn't provide me with enough information about the potential risks or complications of a medical intervention that I received but didn't fully understand the impact on my quality of life."
Negative,"The hospital didn't have adequate accommodations for patients who require specialized care for infectious diseases or pandemics."
Negative,"I experienced delays in receiving necessary medical interventions or treatments, causing me to feel worried or frustrated about my health."
Negative,"The hospital didn't provide me with enough information about the potential risks or complications of a medical intervention that was performed on me but didn't address my concerns about the effectiveness of the procedure."
Negative,"The hospital didn't have adequate policies or procedures in place to address issues related to patient communication or language barriers."
Negative,"I felt that the hospital staff members didn't provide me with enough support or resources for managing my recovery or ongoing care after my discharge."
Negative,"The hospital didn't provide me with enough information about the potential risks or complications of a medical intervention that was recommended for me but not available at the hospital, causing me to seek care elsewhere."
Negative,"The hospital didn't have adequate accommodations for patients who require specialized care for disabilities or mobility issues."
Negative,"I experienced delays in receiving necessary medical interventions or treatments, causing me to feel frustrated or
Negative,"The hospital didn't provide me with enough information about the potential risks or complications of a medical intervention that was performed on me but didn't address my concerns about the qualifications or experience of the medical staff involved."
Negative,"The hospital didn't have adequate policies or procedures in place to address issues related to patient confidentiality or privacy."
Negative,"I felt that the hospital staff members didn't provide me with enough support or resources for managing my pain or discomfort during my hospital stay."
Negative,"The hospital didn't provide me with enough information about the potential risks or complications of a medical intervention that I received but didn't fully understand the impact on my ability to work or perform daily activities."
Negative,"The hospital didn't have adequate accommodations for patients who require specialized care for women's health issues."
Negative,"I experienced delays in receiving necessary medical interventions or treatments, causing me to feel worried or frustrated about my health."
Negative,"The hospital didn't provide me with enough information about the potential risks or complications of a medical intervention that was performed on me but didn't address my concerns about the long-term side effects of the procedure."
Negative,"I experienced delays in receiving necessary medical interventions or treatments"
Positive,"I am so impressed with the level of care I received from the doctors and staff at this hospital."
Positive,"I felt listened to and supported throughout my entire experience at this hospital."
Positive,"The pharmacy team was knowledgeable and efficient in getting me the medication I needed."
Positive,"Thank you to everyone at this hospital for making my stay as comfortable as possible."
Positive,"I appreciate the dedication and hard work of the doctors and nurses at this hospital."
Positive,"The staff went above and beyond to make sure I had everything I needed during my visit."
Positive,"I am grateful for the high quality of care I received at this hospital."
Positive,"The entire process was smooth and seamless, thanks to the amazing staff."
Positive,"I feel lucky to have received such excellent care from the doctors and nurses here."
Positive,"I would highly recommend this hospital to anyone in need of medical care."
Positive,"The doctors were extremely knowledgeable and took the time to answer all of my questions."
Positive,"The staff was incredibly kind and supportive throughout my entire stay."
Positive,"I felt like I was in good hands from the moment I arrived at this hospital."
Positive,"The pharmacy team was prompt in filling my prescriptions and ensuring I understood how to take my medication."
Positive,"Thank you to the entire team for making my experience at this hospital a positive one."
Positive,"I was impressed with the cleanliness and organization of this hospital."
Positive,"The doctors and nurses were all so caring and compassionate."
Positive,"I was pleasantly surprised by the level of personalized care I received at this hospital."
Positive,"The staff made me feel like a priority and were always available to answer any questions I had."
Positive,"I was blown away by the level of professionalism and expertise of the staff at this hospital."
Positive,"The doctors and nurses went out of their way to make me feel comfortable and cared for."
Positive,"I appreciate the attention to detail and thoroughness of the medical care I received at this hospital."
Positive,"The pharmacy team was able to fill my prescription quickly and accurately."
Positive,"Thank you to everyone at this hospital for making a difficult time easier for me and my family."
Positive,"I was impressed by the modern and state-of-the-art facilities at this hospital."
Positive,"The staff was so friendly and welcoming, which made me feel at ease."
Positive,"I felt like the doctors really listened to my concerns and took them seriously."
Positive,"The nurses were attentive and checked on me frequently throughout my stay."
Positive,"I am grateful for the level of care and attention I received at this hospital."
Positive,"The pharmacy team was able to answer all of my questions about my medication and its side effects."
Positive,"Thank you to everyone at this hospital for their compassion and dedication to their patients."
Positive,"I was impressed with the level of coordination and communication between the different departments at this hospital."
Positive,"The staff went out of their way to make me feel comfortable and accommodated."
Positive,"I appreciate the level of expertise and knowledge the doctors brought to my care."
Positive,"The nurses were so kind and attentive to my needs throughout my stay."
Positive,"I felt like the staff truly cared about my well-being and recovery."
Positive,"The pharmacy team was able to work with my insurance company to ensure I received the best price for my medication."
Positive,"Thank you to everyone at this hospital for their dedication to providing top-notch medical care."
Positive,"I was impressed by the level of efficiency and organization of this hospital."
Positive,"The doctors were patient and took the time to explain my diagnosis and treatment options to me."
Positive,"The staff was always available to answer my questions and address any concerns I had."
Positive,"I was impressed with the level of professionalism and empathy of the nurses and doctors at this hospital."
Positive,"The pharmacy team was able to provide me with alternative medication options when my first choice was not available."
Positive,"Thank you to everyone at this hospital for making my experience as stress-free as possible."
Positive,"I felt like the staff at this hospital truly cared about me as a person, not just as a patient."
Positive,"The doctors and nurses were all so knowledgeable and competent in their fields."
Positive,"I appreciate the level of communication between the medical team and my family during my stay."
Positive,"The staff was always friendly and accommodating, which made my stay more comfortable."
Positive,"I was impressed with the level of attention to detail and thoroughness of my care at this hospital."
Positive,"The pharmacy team was able to provide me with information about potential side effects and how to manage them."
Positive,"Thank you to everyone at this hospital for going above and beyond to make me feel cared for and supported."
Positive,"I felt like the staff at this hospital truly valued my input and included me in the decision-making process regarding my care."
Positive,"The doctors and nurses were all so compassionate and understanding of my situation."
Positive,"I appreciate the level of follow-up and aftercare I received from this hospital."
Positive,"The staff was always respectful of my privacy and ensured my needs were met during my stay."
Positive,"I was impressed with the level of technology and resources available at this hospital."
Positive,"The pharmacy team was able to provide me with information about potential drug interactions and how to avoid them."
Positive,"Thank you to everyone at this hospital for their dedication to providing quality medical care to their patients."
Positive,"I felt like the doctors at this hospital were truly invested in my recovery and healing."
Positive,"The nurses were always so kind and made me feel comfortable during my stay."
Positive,"I appreciate the level of flexibility and willingness to accommodate my specific needs during my visit."
Positive,"The staff at this hospital always made me feel like I was in good hands and had nothing to worry about."
Positive,"I was impressed with the level of innovation and creativity the medical team brought to my care."
Positive,"The pharmacy team was able to provide me with samples of my medication so I could try it out before committing to a full prescription."
Positive,"Thank you to everyone at this hospital for their dedication to providing compassionate and personalized medical care."
Positive,"I felt like the staff at this hospital truly understood my needs and concerns."
Positive,"The doctors and nurses were always so attentive and responsive to my requests."
Positive,"I appreciate the level of transparency and openness the staff at this hospital had with me regarding my care."
Positive,"The staff at this hospital always made me feel like a valued and important member of their community."
Positive,"I was impressed with the level of collaboration and teamwork between the medical staff at this hospital."
Positive,"Thank you to everyone at this hospital for their dedication to providing exceptional medical care and support."
Positive,"I felt like the staff at this hospital truly listened to my concerns and addressed them in a timely manner."
Positive,"The doctors and nurses were always so professional and respectful in their interactions with me."
Positive,"I appreciate the level of personalized care and attention I received during my stay at this hospital."
Positive,"The staff at this hospital always made me feel like I was in good hands and had nothing to worry about."
Positive,"I was impressed with the level of cleanliness and organization throughout the hospital."
Positive,"The pharmacy team was able to provide me with information about potential drug interactions and how to avoid them."
Positive,"Thank you to everyone at this hospital for their commitment to providing high-quality medical care to their patients."
Positive,"I felt like the medical team at this hospital was truly invested in helping me achieve a full recovery."
Positive,"The nurses were always so friendly and approachable, which made me feel more comfortable during my stay."
Positive,"I appreciate the level of expertise and knowledge the doctors and nurses brought to my care."
Positive,"The staff at this hospital always made me feel like they had my best interests at heart and were working towards my well-being."
Positive,"I was impressed with the level of compassion and empathy the staff at this hospital had towards their patients."
Positive,"The pharmacy team was able to provide me with information about potential side effects and how to manage them."
Positive,"Thank you to everyone at this hospital for their dedication to providing personalized and compassionate medical care."
Positive,"I felt like the staff at this hospital truly understood the importance of communication in healthcare."
Positive,"The doctors and nurses were always so patient and took the time to answer my questions and address my concerns."
Positive,"I appreciate the level of support and encouragement I received from the staff at this hospital."
Positive,"The staff at this hospital always made me feel like they were there for me whenever I needed them."
Positive,"I was impressed with the level of attention to detail and thoroughness of my care plan at this hospital."
Positive,"The pharmacy team was able to provide me with alternative medication options when my first choice was not suitable for me."
Positive,"Thank you to everyone at this hospital for their commitment to providing outstanding medical care and support."
Positive,"I felt like the medical team at this hospital truly cared about my individual needs and circumstances."
Positive,"The nurses were always so attentive and made sure I was comfortable and well-cared for during my stay."
Positive,"I appreciate the level of collaboration and coordination between the different departments at this hospital."
Positive,"The staff at this hospital always made me feel like they were working towards my recovery and well-being as a team."
Positive,"I was impressed with the level of expertise and experience the medical staff had in their respective fields."
Positive,"The pharmacy team was able to provide me with information about how to properly take my medication and what to expect."
Positive,"Thank you to everyone at this hospital for their dedication to providing exceptional medical care and support to their patients."
Positive,"I felt like the staff at this hospital truly went above and beyond to make me feel comfortable and at ease during my stay."
Positive,"The doctors and nurses were always so kind and made me feel like I was in good hands."
Positive,"I appreciate the level of dedication and professionalism the staff at this hospital exhibited in their work."
Positive,"The staff at this hospital always made me feel like I was a priority and that my needs were being met."
Positive,"I was impressed with the level of innovation and advanced technology used in my care at this hospital."
Positive,"The medical team at this hospital was able to accurately diagnose and treat my condition, which I am very grateful for."
Positive,"The nurses were always so attentive and made sure that all of my needs were being met."
Positive,"I appreciate the level of transparency and communication between the staff and myself about my care plan."
Positive,"The staff at this hospital always treated me with respect and dignity, which made me feel more comfortable during my stay."
Positive,"I was impressed with the level of expertise and knowledge the staff at this hospital had in their respective fields."
Positive,"The pharmacy team was able to provide me with information about potential drug interactions and how to avoid them."
Positive,"Thank you to everyone at this hospital for their commitment to providing high-quality medical care to their patients."
Positive,"I felt like the staff at this hospital truly cared about my well-being and were invested in my recovery."
Positive,"The doctors and nurses were always so compassionate and made me feel like they were there for me whenever I needed them."
Positive,"I appreciate the level of personalized care and attention I received during my stay at this hospital."
Positive,"The staff at this hospital always made me feel like I was in good hands and that my health was their top priority."
Positive,"I was impressed with the level of organization and efficiency throughout the hospital."
Positive,"The pharmacy team was able to provide me with information about how to manage any potential side effects from my medication."
Positive,"Thank you to everyone at this hospital for their dedication to providing exceptional medical care and support to their patients."
Positive,"I felt like the staff at this hospital was always available and willing to help with any questions or concerns I had."
Positive,"The doctors and nurses were always so thorough in their assessments and explanations, which made me feel more confident in my care."
Positive,"I appreciate the level of empathy and understanding the staff at this hospital exhibited towards their patients."
Positive,"The staff at this hospital always made me feel like I was a valued member of their community and not just another patient."
Positive,"I was impressed with the level of care and attention to detail that went into my treatment plan."
Positive,"The pharmacy team was able to provide me with information about how to properly store and dispose of my medication."
Positive,"Thank you to everyone at this hospital for their commitment to providing compassionate and high-quality medical care."
Positive,"I felt like the staff at this hospital truly understood the impact that their work has on the lives of their patients."
Positive,"The doctors and nurses were always so respectful and courteous in their interactions with me and my family."
Positive,"I appreciate the level of collaboration and teamwork between the different departments at this hospital."
Positive,"The staff at this hospital always made sure that I was comfortable and had everything I needed during my stay."
Positive,"I was impressed with the level of knowledge and expertise the medical staff had in treating my condition."
Positive,"The pharmacy team was able to provide me with information about how to properly take my medication and what to expect."
Positive,"Thank you to everyone at this hospital for their dedication to providing outstanding medical care and support to their patients."
Positive,"I felt like the staff at this hospital truly cared about my well-being and were invested in my recovery."
Positive,"The nurses were always so attentive and made sure that I was comfortable and well-cared for during my stay."
Positive,"I appreciate the level of communication and transparency between the staff and myself about my care plan."
Positive,"The doctors and nurses were always so thorough in explaining my diagnosis and treatment options to me."
Positive,"I felt like the staff at this hospital went above and beyond to make sure that my needs were being met."
Positive,"The pharmacy team was able to provide me with information about any potential side effects or interactions with my medication."
Positive,"Thank you to everyone at this hospital for their commitment to providing exceptional medical care and support to their patients."
Positive,"I was impressed with the level of professionalism and expertise the staff at this hospital exhibited."
Positive,"The doctors and nurses were always so kind and patient with me, even when I was feeling frustrated or scared."
Positive,"I appreciate the level of care and attention that went into creating a treatment plan tailored specifically to my needs."
Positive,"The staff at this hospital always made me feel like I was in good hands and that my health was their top priority."
Positive,"I was impressed with the level of resources and technology available at this hospital to support patient care."
Positive,"The pharmacy team was able to provide me with information about how to properly store and administer my medication."
Positive,"Thank you to everyone at this hospital for their dedication to providing exceptional medical care and support to their patients."
Positive,"I felt like the staff at this hospital truly understood the importance of treating not just the illness, but the whole person."
Positive,"The nurses were always so compassionate and made sure that I was comfortable and well-cared for at all times."
Positive,"I appreciate the level of respect and dignity the staff at this hospital exhibited towards their patients."
Positive,"The doctors and nurses were always so attentive to my needs and made me feel like they were there for me whenever I needed them."
Positive,"I was impressed with the level of expertise and knowledge the staff at this hospital had in treating my condition."
Positive,"The pharmacy team was able to provide me with information about how to properly dispose of any unused medication."
Positive,"Thank you to everyone at this hospital for their commitment to providing compassionate and high-quality medical care."
Positive,"I felt like the staff at this hospital truly cared about my well-being and were invested in my recovery."
Positive,"The nurses were always so patient and understanding, even when I was feeling frustrated or scared."
Positive,"I appreciate the level of collaboration and teamwork between the different departments at this hospital to ensure the best possible care for patients."
Positive,"The doctors and nurses were always so thorough in explaining my condition and treatment options to me, which made me feel more confident in my care."
Positive,"I was impressed with the level of cleanliness and organization throughout the hospital."
Positive,"The pharmacy team was able to provide me with information about any potential interactions with my medication and other supplements I was taking."
Positive,"Thank you to everyone at this hospital for their dedication to providing exceptional medical care and support to their patients."
Positive,"I felt like the staff at this hospital truly cared about my well-being and were invested in my recovery."
Positive,"The nurses were always so attentive and made sure that all of my needs were being met."
Positive,"I appreciate the level of transparency and communication between the staff and myself about my care plan."
Positive,"The staff at this hospital always treated me with respect and dignity, which made me feel more comfortable during my stay."
Positive,"I was impressed with the level of expertise and knowledge the staff at this hospital had in their respective fields."
Positive,"The pharmacy team was able to provide me with information about potential drug interactions and how to avoid them."
Positive,"Thank you to everyone at this hospital for their commitment to providing high-quality medical care to their patients."
Positive,"I felt like the staff at this hospital truly went above and beyond to make sure that my needs were being met."
Positive,"The nurses were always so kind and caring towards me, which made my stay at the hospital much more comfortable."
Positive,"I appreciate the level of empathy and understanding the staff at this hospital had towards their patients."
Positive,"The doctors and nurses were always so professional and knowledgeable, which made me feel confident in their care."
Positive,"I was impressed with the level of attention to detail the staff at this hospital exhibited in my care plan."
Positive,"The pharmacy team was able to provide me with information about how to properly take my medication and what to do if I missed a dose."
Positive,"Thank you to everyone at this hospital for their dedication to providing exceptional medical care to their patients."
Positive,"I felt like the staff at this hospital truly cared about my well-being and were invested in my recovery."
Positive,"The nurses were always so attentive and made sure that I was comfortable and had everything I needed."
Positive,"I appreciate the level of coordination between the different departments at this hospital to ensure seamless patient care."
Positive,"The doctors and nurses were always so patient with me and took the time to answer all of my questions and concerns."
Positive,"I was impressed with the level of professionalism and expertise the staff at this hospital exhibited in their work."
Positive,"The pharmacy team was able to provide me with information about how to properly store and transport my medication."
Positive,"Thank you to everyone at this hospital for their commitment to providing high-quality medical care to their patients."
Positive,"I felt like the staff at this hospital truly understood the importance of treating the patient as a whole person, not just their illness."
Positive,"The nurses were always so compassionate and made sure that I felt supported and cared for at all times."
Positive,"I appreciate the level of collaboration between the different healthcare providers at this hospital to ensure the best possible outcomes for patients."
Positive,"The doctors and nurses were always so thorough in explaining my test results and what they meant for my care."
Positive,"I was impressed with the level of dedication and commitment the staff at this hospital had towards their patients."
Positive,"The pharmacy team was able to provide me with information about any potential side effects or complications from my medication."
Positive,"Thank you to everyone at this hospital for their tireless efforts to provide exceptional medical care and support to their patients."
Positive,"I felt like the staff at this hospital truly cared about my well-being and took the time to understand my unique needs and concerns."
Positive,"The nurses were always so kind and understanding, which made my stay at the hospital much more comfortable."
Positive,"I appreciate the level of transparency and communication the staff at this hospital had with me about my care plan."
Positive,"The doctors and nurses were always so attentive to my needs and made me feel like I was in good hands."
Positive,"I was impressed with the level of innovation and technology used by the staff at this hospital to enhance patient care."
Positive,"The pharmacy team was able to provide me with information about any potential drug interactions and how to avoid them."
Positive,"Thank you to everyone at this hospital for their commitment to providing personalized and compassionate medical care to their patients."
Positive,"I felt like the staff at this hospital truly valued my input and were willing to work with me to create a care plan that worked for me."
Positive,"The nurses were always so friendly and approachable, which made me feel at ease during my hospital stay."
Positive,"I appreciate the level of patient-centered care the staff at this hospital provided, taking into consideration all aspects of my health and well-being."
Positive,"The doctors and nurses were always so respectful towards me and made me feel like I was an active participant in my own care."
Positive,"The nurses were always so friendly and approachable"